Name,Forward_Primer,Forward_Primer_length,Reverse_Primer,Reverse_Primer_length,Amplicon_Length (bp)
16s_V4,GTGCCAGCMGCCGCGGTAA,19,GGACTACHVGGGTWTCTAAT,20,250–280 
16s_V3_V4,CCTACGGGNGGCWGCAG,17,GACTACHVGGGTATCTAATCC,22,410–460
16s_V1_V3,AGAGTTTGATCMTGGCTCAG,20,ATTACCGCGGCTGCTGG,17,480–520
18s_V4,CCAGCASCYGCGGTAATTCC,19,ACTTTCGTTCTTGATYRA,18,350–400
18s_V1_V2,AACCTGGTTGATCCTGCCAGT,22,CTGATCCTTCTGCAGGTTCACCTAC,24,400–500
18s_V7-V8,AGATACCRTGAAYTGGCTC,19,TCCTGATCCTTCTGCAGGTT,21,250–300
18s_V9,CCCTGCCHTTTGTACACAC,19,CCTTCYGCAGGTTCACCTAC,20,120–150
ITS1,CTTGGTCATTTAGAGGAAGTAA,22,GCTGCGTTCTTCATCGATGC,20,150-350
ITS2,GCATCGATGAAGAACGCAGC,20,TCCTCCGCTTATTGATATGC,21,200–400
ITS3-ITS4 (ITS2),GCATCGATGAAGAACGCAGC,20,TCCTCCGCTTATTGATATGC,21,200-400
ITS1F-ITS2,CTTGGTCATTTAGAGGAAGTAA,22,GCTGCGTTCTTCATCGATGC,20,150-300
ITS86F-ITS4,GTGAATCATCGAATCTTTGAA,21,TCCTCCGCTTATTGATATGC,21,350-500
12s_fish,GTCGGTAAAACTCGTGCCAGC,21,CATAGTGGGGTATCTAATCCCAGTTTG,27,98-150
12s_Birds,CTACGGAGCATCTGAACTCAGATC,24,TAGAACAGGCTCCTCTAG,18,80-120
12s_Mammals,AAAAAGCTTCAAACTGGGATTAGATACCCCACTAT,33,TGACTGCAGAGGGTGACGGGCGGTGTGT,29,100-200
12s_Universal,ACTGGGATTAGATACCCCACTAT,23,TAGAACAGGCTCCTCTAG,18,150-180
12s_Amphibians,AAAAGCTTCAAACTGGGATTAGATACCCC,30,TGACTGCAGAGGGTGACGGGCGGTGTGT,29,100-150
COI_Mini-barcode,GGWACWGGWTGAACWGTWTAYCCYCC,26,TANACYTCNGGRTGNCCRAARAAYCA,27,130-220