Name	Forward	Reverse	Amplicon_max_Length(bp)
12s_rRNA_MiFish-U_MiFish-L	GTCGGTAAAACTCGTGCCAGC	CATAGTGGGGTATCTAATCCCAGTTTG	185
12s_rRNA_Riaz	ACTGGGATTAGATACCCC	TAGAACAGGCTCCTCTAG	117
12s_rRNA_V5	TAGAACAGGCTCCTCTAG	TTAGATACCCCACTATGC	117
12s_rRNA_Tele02	AAACTCGTGCCAGCCACC	GGGTATCTAATCCCAGTTTG	209
Fish_16s_rRNA_F/D_16S2R	GACCCTATGGAGCTTTAGAC	CGCTGTTATCCCTADRGTAATC	200
Crustacean_Crust16S_F_Crust16S_R	GGGACGATAAGACCCTATA	ATTACGCTGTTATCCCTAAAG	200
16s_rRNA_V1-V2_27F-338R	AGAGTTTGATYMTGGCTCAG	TGCTGCCTCCCGTAGRAGT	311
16s_rRNA_V1-V3_27F-534R	AGAGTTTGATYMTGGCTCAG	ATTACCGCGGCTGCTGG	500
16s_rRNA_V1-V3_27F-536R_pham	AGAGTTTGATCCTGGCTCAG	GTATTACCGCGGCTGCTGGC	503
16s_rRNA_V3-v4_341F-785R	CCTACGGGNGGCWGCAG	GACTACHVGGGTATCTAATCC	470
16s_rRNA_V3-v4_341F-805R	CCTACGGGNBGCASCAG	GACTACNVGGGTATCTAATCC	470
16s_rRNA_V4-V5_515F-944R	GTGYCAGCMGCCGCGGTAA	CCGYCAATTYMTTTRAGTTT	430
16s_rRNA_V4_515F-806R	GTGYCAGCMGCCGCGGTAA	GGACTACNVGGGTWTCTAAT	253
16s_rRNA_V4-V5_515F-926R	GTGYCAGCMGCCGCGGTAA	CCGYCAATTYMTTTRAGTTT	374
ITS1_ITS1F-ITS2	CTTGGTCATTTAGAGGAAGTAA	GCTGCGTTCTTCATCGATGC	300
ITS1_ITS1F-ITS86R	CTTGGTCATTTAGAGGAAGTAA	TTCAAAGATTCGATGATTCAG	300
ITS2_ITS3-ITS4	GCATCGATGAAGAACGCAGC	TCCTCCGCTTATTGATATGC	450
ITS2_ITS7-ITS4	GTGARTCATCGARTCTTTG	TCCTCCGCTTATTGATATGC	400
ITS2_ITS86F-ITS4	GTGAATCATCGAATCTTTGAA	TCCTCCGCTTATTGATATGC	450
18s_rRNA_V4_TAReuk454FWD1-TAReukREV3	GTGAATCATCGAATCTTTGAA	ACTTTCGTTCTTGATYRATGA	420
18s_rRNA_V9_1380F-1510R	CCCTGCCHTTTGTACACAC	CCTTCYGCAGGTTCACCTAC	130
18s_rRNA_V9_1391F-EukBr	GTACACACCGCCCGTC	TGATCCTTCTGCAGGTTCACCTAC	130
CO1_mlCOIintF-dgHCO2198	GGWACWGGWTGAACWGTWTAYCCYCC	TAAACTTCAGGGTGACCAAARAAYCA	313
BF2R2	ACWGGWTGRACWGTNTAYCC	TCDGGRTGNCCRAARAAYCA	421
rbcL2-F_rbcLa-R	TGGCAGCATTCGAGTAACTC	CTTCTGCTACAAATAAGAATCGATCTC	500
